p0,p1,p2,p3,p4,p5,p6,
conn,FS_FS_gaba,fan_in,9,-,-,-,In PY 12
conn,FS_M1_gaba,fan_in,16,-,-,-,
conn,FS_M2_gaba,fan_in,11,-,-,-,
conn,GA_FS_gaba,fan_in,10,-,-,-,
conn,GA_GA_gaba,fan_in,5,-,-,-,2
conn,GA_GI_gaba,fan_in,5,-,-,-,2
conn,GA_M1_gaba,fan_in,10,-,-,-,
conn,GA_M2_gaba,fan_in,10,-,-,-,
conn,GI_FS_gaba,fan_in,10,-,-,-,
conn,GI_GA_gaba,fan_in,25,-,-,-,28
conn,GI_GI_gaba,fan_in,25,-,-,-,28
conn,GI_SN_gaba,fan_in,32,-,-,-,Declared in table
conn,GI_ST_gaba,fan_in,30,-,-,-,
conn,M1_M1_gaba,fan_in,364,-,-,-,140
conn,M1_M2_gaba,fan_in,84,-,-,-,140
conn,M1_SN_gaba,fan_in,500,-,-,-,
conn,M2_GI_gaba,fan_in,500,-,-,-,
conn,M2_M1_gaba,fan_in,392,-,-,-,140
conn,M2_M2_gaba,fan_in,504,-,-,-,140
conn,ST_GA_ampa,fan_in,30,-,-,-,
conn,ST_GI_ampa,fan_in,30,-,-,-,
conn,ST_SN_ampa,fan_in,30,-,-,-,
nest,FS,template,izhik_cond_exp,-,-,-,
nest,GA,template,my_aeif_cond_exp,-,-,-,
nest,GI,template,my_aeif_cond_exp,-,-,-,
nest,M1,template,izhik_cond_exp,-,-,-,
nest,M2,template,izhik_cond_exp,-,-,-,
nest,ST,template,my_aeif_cond_exp,-,-,-,
nest,SN,template,my_aeif_cond_exp,-,-,-,
netw,prop_GPE_A,0.2,-,-,-,-,
netw,prop_fan_in_GPE_A,0.0588235294118,-,-,-,-,
netw,size,10000,-,-,-,-,
netw,target_rate_GPE_A,27.1,-,-,-,-,
node,C1,edge_wrap,True,-,-,-,
node,C1,extent,[-0.5, 0.5],-,-,
node,C1,lesion,False,-,-,-,
node,C1,model,C2,-,-,-,
node,C1,n,4780,-,-,-,
node,C1,rate,690,-,-,-,
node,C1,type,input,-,-,-,
node,CF,edge_wrap,True,-,-,-,
node,CF,extent,[-0.5, 0.5],-,-,
node,CF,lesion,False,-,-,-,
node,CF,model,CF,-,-,-,
node,CF,n,191,-,-,-,
node,CF,rate,1010,-,-,-,
node,CF,type,input,-,-,-,
node,CS,edge_wrap,True,-,-,-,
node,CS,extent,[-0.5, 0.5],-,-,
node,CS,lesion,False,-,-,-,
node,CS,model,CS,-,-,-,
node,CS,n,31,-,-,-,
node,CS,rate,160,-,-,-,
node,CS,type,input,-,-,-,
node,EA,edge_wrap,True,-,-,-,
node,EA,extent,[-0.5, 0.5],-,-,
node,EA,lesion,False,-,-,-,
node,EA,model,EA,-,-,-,
node,EA,n,23,-,-,-,
node,EA,rate,1130,-,-,-,
node,EA,type,input,-,-,-,
node,EI,edge_wrap,True,-,-,-,
node,EI,extent,[-0.5, 0.5],-,-,
node,EI,lesion,False,-,-,-,
node,EI,model,EI,-,-,-,
node,EI,n,95,-,-,-,
node,EI,rate,1130,-,-,-,
node,EI,type,input,-,-,-,
node,ES,edge_wrap,True,-,-,-,
node,ES,extent,[-0.5, 0.5],-,-,
node,ES,lesion,False,-,-,-,
node,ES,model,ES,-,-,-,
node,ES,n,95,-,-,-,
node,ES,rate,1800,-,-,-,
node,ES,type,input,-,-,-,
node,FS,I_vitro,0,-,-,-,
node,FS,I_vivo,0,-,-,-,
node,FS,edge_wrap,True,-,-,-,
node,FS,extent,[-0.5, 0.5],-,-,
node,FS,lesion,False,-,-,-,
node,FS,model,FS_low,-,-,-,
node,FS,n,191,-,-,-,
node,FS,prop,0.0199875,-,-,-,
node,FS,randomization,C_m,gaussian,my,80,
node,FS,randomization,C_m,gaussian,sigma,8,
node,FS,randomization,V_m,uniform,max,-50,
node,FS,randomization,V_m,uniform,min,-70,
node,FS,randomization,V_th,gaussian,my,-50,
node,FS,randomization,V_th,gaussian,sigma,1,
node,FS,target_rate,20,-,-,-,
node,FS,type,network,-,-,-,
node,GA,I_vitro,5,-,-,-,
node,GA,I_vivo,-3.6,-,-,-,
node,GA,edge_wrap,True,-,-,-,
node,GA,extent,[-0.5, 0.5],-,-,
node,GA,lesion,False,-,-,-,
node,GA,model,GA,-,-,-,
node,GA,n,23,-,-,-,
node,GA,prop,0.0041125,-,-,-,
node,GA,randomization,C_m,gaussian,my,40,
node,GA,randomization,C_m,gaussian,sigma,4,
node,GA,randomization,V_m,uniform,max,-54.7,
node,GA,randomization,V_m,uniform,min,-74.7,
node,GA,randomization,V_th,gaussian,my,-54.7,
node,GA,randomization,V_th,gaussian,sigma,1,
node,GA,target_rate,27.1,-,-,-,
node,GA,target_rate_in_vitro,4,-,-,-,
node,GA,type,network,-,-,-,
node,GI,I_vitro,5,-,-,-,
node,GI,I_vivo,4.5,-,-,-,
node,GI,edge_wrap,True,-,-,-,
node,GI,extent,[-0.5, 0.5],-,-,
node,GI,lesion,False,-,-,-,
node,GI,model,GI,-,-,-,
node,GI,n,95,-,-,-,
node,GI,prop,0.01235,-,-,-,
node,GI,randomization,C_m,gaussian,my,40,
node,GI,randomization,C_m,gaussian,sigma,4,
node,GI,randomization,V_m,uniform,max,-54.7,
node,GI,randomization,V_m,uniform,min,-74.7,
node,GI,randomization,V_th,gaussian,my,-54.7,
node,GI,randomization,V_th,gaussian,sigma,1,
node,GI,target_rate,30.725,-,-,-,
node,GI,target_rate_in_vitro,15,-,-,-,
node,GI,type,network,-,-,-,
node,GP,prop_GP,0.0164625,-,-,-,
node,M1,I_vitro,0,-,-,-,
node,M1,I_vivo,0,-,-,-,
node,M1,edge_wrap,True,-,-,-,
node,M1,extent,[-0.5, 0.5],-,-,
node,M1,lesion,False,-,-,-,
node,M1,model,M1_low,-,-,-,
node,M1,n,4780,-,-,-,
node,M1,prop,0.4746375,-,-,-,
node,M1,randomization,C_m,gaussian,my,15.2,
node,M1,randomization,C_m,gaussian,sigma,1.52,
node,M1,randomization,V_m,uniform,max,-29.7,
node,M1,randomization,V_m,uniform,min,-49.7,
node,M1,randomization,V_th,gaussian,my,-29.7,
node,M1,randomization,V_th,gaussian,sigma,1,
node,M1,target_rate,0.1,-,-,-,
node,M1,type,network,-,-,-,
node,M2,I_vitro,0,-,-,-,
node,M2,I_vivo,0,-,-,-,
node,M2,edge_wrap,True,-,-,-,
node,M2,extent,[-0.5, 0.5],-,-,
node,M2,lesion,False,-,-,-,
node,M2,model,M2_low,-,-,-,
node,M2,n,4780,-,-,-,
node,M2,prop,0.4746375,-,-,-,
node,M2,randomization,C_m,gaussian,my,15.2,
node,M2,randomization,C_m,gaussian,sigma,1.52,
node,M2,randomization,V_m,uniform,max,-29.7,
node,M2,randomization,V_m,uniform,min,-49.7,
node,M2,randomization,V_th,gaussian,my,-29.7,
node,M2,randomization,V_th,gaussian,sigma,1,
node,M2,target_rate,0.1,-,-,-,
node,M2,type,network,-,-,-,
node,SN,I_vitro,15,-,-,-,
node,SN,I_vivo,19.2,-,-,-,
node,SN,edge_wrap,True,-,-,-,
node,SN,extent,[-0.5, 0.5],-,-,
node,SN,lesion,False,-,-,-,
node,SN,model,SN,-,-,-,
node,SN,n,95,-,-,-,
node,SN,prop,0.009425,-,-,-,
node,SN,randomization,C_m,gaussian,my,80,
node,SN,randomization,C_m,gaussian,sigma,8,
node,SN,randomization,V_m,uniform,max,-55.2,
node,SN,randomization,V_m,uniform,min,-75.2,
node,SN,randomization,V_th,gaussian,my,-55.2,
node,SN,randomization,V_th,gaussian,sigma,1,
node,SN,target_rate,30,-,-,-,
node,SN,target_rate_in_vitro,15,-,-,-,
node,SN,type,network,-,-,-,
node,ST,I_vitro,6,-,-,-,
node,ST,I_vivo,6,-,-,-,
node,ST,edge_wrap,True,-,-,-,
node,ST,extent,[-0.5, 0.5],-,-,
node,ST,lesion,False,-,-,-,
node,ST,model,ST,-,-,-,
node,ST,n,31,-,-,-,
node,ST,prop,0.00485,-,-,-,
node,ST,randomization,C_m,gaussian,my,60,
node,ST,randomization,C_m,gaussian,sigma,6,
node,ST,randomization,V_m,uniform,max,-64,
node,ST,randomization,V_m,uniform,min,-84,
node,ST,randomization,V_th,gaussian,my,-64,
node,ST,randomization,V_th,gaussian,sigma,1,
node,ST,target_rate,10,-,-,-,
node,ST,target_rate_in_vitro,10,-,-,-,
node,ST,type,network,-,-,-,
nest,FS,V_m,-60,,,,
nest,M1,V_m,-39.7,,,,
nest,M2,V_m,-39.7,,,,
nest,GA,V_m,-64.7,,,Put -50 for in_vitro,
nest,GI,V_m,-64.7,,,Put -50 for in_vitro,
nest,SN,V_m,-65.2,,,,
nest,ST,V_m,-74,,,,
,FS,V_m,-74.4078865979381,,,,
nest,FS,C_m,80,,,,
nest,FS,V_th,-50,,,,
nest,FS,u_const,0,,,,
nest,FS,beta_I_NMDA_1,0,,,,
nest,FS,GABAA_1_E_rev,-74,,,,
nest,FS,NMDA_1_Tau_decay,100,,,,
nest,FS,u_max,100000,,,,
nest,FS,GABAA_3_Tau_decay,17,,,,
nest,FS,GABAA_2_Tau_decay,66,,,,
nest,FS,NMDA_1_E_rev,0,,,,
nest,FS,V_clamp_at,-70,,,,
nest,FS,b_1,0,,,,
nest,FS,b_2,0.025,,,,
nest,FS,kc_2,0,,,,
nest,FS,V_peak,25,,,,
nest,FS,GABAA_1_Tau_decay,6,,,,
nest,FS,GABAA_2_E_rev,-74,,,,
nest,FS,u_kc,0,,,,
nest,FS,beta_I_GABAA_1,-0.83,,,,
nest,FS,I_e,0,,,,
nest,FS,beta_I_GABAA_3,0,,,,
nest,FS,beta_d,0,,,,
nest,FS,kc_1,0,,,,
nest,FS,V_b,-55,,,,
nest,FS,u,0,,,,
nest,FS,beta_k,0,,,,
nest,FS,beta_V_b,0,,,,
nest,FS,E_L,-70,,,,
nest,FS,beta_I_AMPA_1,0,,,,
,FS,V_m,-63.88,,,,
nest,FS,V_clamp,0,,,,
nest,FS,AMPA_1_Tau_decay,12,,,,
nest,FS,NMDA_1_Vact,-58,,,,
nest,FS,GABAA_3_E_rev,-74,,,,
nest,FS,beta_Ca,0.001,,,,
nest,FS,NMDA_1_Sact,2.5,,,,
nest,FS,p_2,3,,,,
nest,FS,p_1,1,,,,
nest,FS,a,0.2,,,,
nest,FS,c,-60,,,,
nest,FS,AMPA_1_E_rev,0,,,,
nest,FS,c_max,0,,,,
nest,FS,k,1,,,,
nest,FS,beta_E_L,0.078,,,,
nest,FS,beta_I_GABAA_2,-0.535714285714286,,,,
,ST,V_m,-74.4078865979381,,,,
nest,ST,C_m,59.9149742268042,,,,
nest,ST,V_th,-64.0468041237113,,,,
nest,ST,beta_I_NMDA_1,-1.15384615384615,,,,
nest,ST,GABAA_1_E_rev,-84,,,,
nest,ST,NMDA_1_Tau_decay,160,,,,
nest,ST,GABAA_2_Tau_decay,2,,,,
nest,ST,NMDA_1_E_rev,0,,,,
nest,ST,V_peak,15,,,,
nest,ST,GABAA_1_Tau_decay,8,,,,
nest,ST,GABAA_2_E_rev,-85,,,,
nest,ST,beta_I_GABAA_1,-0.24,,,,
nest,ST,I_e,6,,,,
nest,ST,u,0,,,,
nest,ST,E_L,-80.2,,,,
nest,ST,beta_I_AMPA_1,-1.15384615384615,,,,
,ST,V_m,-83.22,,,,
nest,ST,AMPA_1_Tau_decay,4,,,,
nest,ST,NMDA_1_Vact,-20,,,,
nest,ST,beta_Ca,0.001,,,,
nest,ST,NMDA_1_Sact,16,,,,
nest,ST,AMPA_1_E_rev,0,,,,
nest,ST,beta_E_L,0,,,,
nest,ST,beta_I_GABAA_2,0,,,,
nest,ST,V_reset_max_slope1,-60,,,,
nest,ST,V_reset_max_slope2,-70,,,,
nest,ST,a_2,0,,,,
nest,ST,a_1,0.3,,,,
nest,ST,AMPA_2_E_rev,0,,,,
nest,ST,V_reset,-70,,,,
nest,ST,AMPA_2_Tau_decay,0.2,,,,
nest,ST,V_reset_slope1,-10,,,,
nest,ST,V_reset_slope2,0,,,,
nest,ST,g_L,10,,,,
nest,ST,V_a,-70,,,,
nest,ST,tau_w,333,,,,
nest,ST,beta_I_AMPA_2,0,,,,
nest,ST,Delta_T,16.2,,,,
nest,ST,gsl_error_tol,1E-06,,,,
nest,ST,t_ref,0,,,,
nest,ST,b,0.05,,,,
nest,ST,beta_V_a,0,,,,
,M1,V_m,-39.6863580100603,,,,
nest,M1,C_m,15.2059771931212,,,,
nest,M1,V_th,-29.7061022885888,,,,
nest,M1,u_const,0,,,,
nest,M1,beta_I_NMDA_1,1.04,,,,
nest,M1,GABAA_1_E_rev,-74,,,,
nest,M1,NMDA_1_Tau_decay,160,,,,
nest,M1,u_max,100000,,,,
nest,M1,GABAA_3_Tau_decay,87,,,,
nest,M1,GABAA_2_Tau_decay,12,,,,
nest,M1,NMDA_1_E_rev,0,,,,
nest,M1,V_clamp_at,-70,,,,
nest,M1,b_1,-20,,,,
nest,M1,b_2,-20,,,,
nest,M1,kc_2,0,,,,
nest,M1,V_peak,40,,,,
nest,M1,GABAA_1_Tau_decay,8,,,,
nest,M1,GABAA_2_E_rev,-74,,,,
nest,M1,u_kc,0,,,,
nest,M1,beta_I_GABAA_1,0,,,,
nest,M1,I_e,0,,,,
nest,M1,beta_I_GABAA_3,-1.21212121212121,,,,
nest,M1,beta_d,0.45,,,,
nest,M1,kc_1,0,,,,
nest,M1,V_b,-81.85,,,,
nest,M1,u,0,,,,
nest,M1,beta_k,0,,,,
nest,M1,beta_V_b,-0.0282,,,,
nest,M1,E_L,-81.85,,,,
nest,M1,beta_I_AMPA_1,0,,,,
,M1,V_m,-43.58,,,,
nest,M1,V_clamp,0,,,,
nest,M1,AMPA_1_Tau_decay,12,,,,
nest,M1,NMDA_1_Vact,-20,,,,
nest,M1,GABAA_3_E_rev,-74,,,,
nest,M1,beta_Ca,0.001,,,,
nest,M1,NMDA_1_Sact,16,,,,
nest,M1,p_2,1,,,,
nest,M1,p_1,1,,,,
nest,M1,a,0.01,,,,
nest,M1,c,-55,,,,
nest,M1,d,66.9,,,,
nest,M1,AMPA_1_E_rev,0,,,,
nest,M1,c_max,0,,,,
nest,M1,k,1,,,,
nest,M1,beta_E_L,-0.0282,,,,
nest,M1,beta_I_GABAA_2,0.882352941176471,,,,
nest,SN,C_m,79.406525198939,,,,
nest,SN,V_th,-55.2216976127321,,,,
nest,SN,beta_I_NMDA_1,0,,,,
nest,SN,GABAA_1_E_rev,-80,,,,
nest,SN,NMDA_1_Tau_decay,100,,,,
nest,SN,GABAA_2_Tau_decay,2.1,,,,
nest,SN,NMDA_1_E_rev,0,,,,
nest,SN,V_peak,20,,,,
nest,SN,GABAA_1_Tau_decay,5.2,,,,
nest,SN,GABAA_2_E_rev,-72,,,,
nest,SN,beta_I_GABAA_1,0.56,,,,
nest,SN,I_e,19.2,,,19.2,15
nest,SN,u,0,,,,
nest,SN,E_L,-55.8,,,,
nest,SN,beta_I_AMPA_1,0,,,,
,SN,V_m,-69.08,,,,
nest,SN,AMPA_1_Tau_decay,12,,,,
nest,SN,NMDA_1_Vact,-58,,,,
nest,SN,beta_Ca,0.001,,,,
nest,SN,NMDA_1_Sact,2.5,,,,
nest,SN,AMPA_1_E_rev,0,,,,
nest,SN,beta_E_L,0.0896,,,,
nest,SN,beta_I_GABAA_2,0,,,,
nest,SN,V_reset_max_slope1,0,,,,
nest,SN,V_reset_max_slope2,0,,,,
nest,SN,a_2,3,,,,
nest,SN,a_1,3,,,,
nest,SN,AMPA_2_E_rev,0,,,,
nest,SN,V_reset,-65,,,,
nest,SN,AMPA_2_Tau_decay,5,,,,
nest,SN,V_reset_slope1,0,,,,
nest,SN,V_reset_slope2,0,,,,
nest,SN,g_L,3,,,,
nest,SN,V_a,-55.8,,,,
nest,SN,tau_w,20,,,,
nest,SN,beta_I_AMPA_2,0,,,,
nest,SN,Delta_T,1.8,,,,
nest,SN,gsl_error_tol,1E-06,,,,
nest,SN,t_ref,0,,,,
nest,SN,b,200,,,,
nest,SN,beta_V_a,0.0896,,,,
,GA,V_m,-65.0816717325229,,,,
nest,GA,C_m,59.4523708206687,,,,
nest,GA,V_th,-54.7348328267477,,,,
nest,GA,beta_I_NMDA_1,0,,,,
nest,GA,GABAA_1_E_rev,-85,,,,
nest,GA,NMDA_1_Tau_decay,100,,,,
nest,GA,GABAA_2_Tau_decay,5,,,,
nest,GA,NMDA_1_E_rev,0,,,,
nest,GA,V_peak,15,,,,
nest,GA,GABAA_1_Tau_decay,2,,,,
nest,GA,GABAA_2_E_rev,-65,,,,
nest,GA,beta_I_GABAA_1,0,,,,
nest,GA,I_e,-3.6,,,-3.6,1
nest,GA,u,0,,,,
nest,GA,E_L,-55.1,,,,
nest,GA,beta_I_AMPA_1,-0.45,,,,
nest,GA,AMPA_1_Tau_decay,12,,,,
nest,GA,NMDA_1_Vact,-20,,,,
nest,GA,beta_Ca,0.001,,,,
nest,GA,NMDA_1_Sact,16,,,,
nest,GA,AMPA_1_E_rev,0,,,,
nest,GA,beta_E_L,0.181,,,,
nest,GA,beta_I_GABAA_2,-0.83,,,,
nest,GA,V_reset_max_slope1,0,,,,
nest,GA,V_reset_max_slope2,0,,,,
nest,GA,a_2,2.5,,,,
nest,GA,a_1,2.5,,,,
nest,GA,AMPA_2_E_rev,0,,,,
nest,GA,V_reset,-60,,,,
nest,GA,AMPA_2_Tau_decay,5,,,,
nest,GA,V_reset_slope1,0,,,,
nest,GA,V_reset_slope2,0,,,,
nest,GA,g_L,1,,,,
nest,GA,V_a,-55.1,,,,
nest,GA,tau_w,20,,,,
nest,GA,beta_I_AMPA_2,0,,,,
nest,GA,Delta_T,2.55,,,,
nest,GA,gsl_error_tol,1E-06,,,,
nest,GA,t_ref,0,,,,
nest,GA,b,105,,,,
nest,GA,beta_V_a,0.181,,,,
,M2,V_m,-39.6864522925391,,,,
nest,M2,C_m,15.1955347502041,,,,
nest,M2,V_th,-29.7014247715362,,,,
nest,M2,u_const,0,,,,
nest,M2,beta_I_NMDA_1,0,,,,
nest,M2,GABAA_1_E_rev,-74,,,,
nest,M2,NMDA_1_Tau_decay,160,,,,
nest,M2,u_max,100000,,,,
nest,M2,GABAA_3_Tau_decay,76,,,,
nest,M2,GABAA_2_Tau_decay,12,,,,
nest,M2,NMDA_1_E_rev,0,,,,
nest,M2,V_clamp_at,-70,,,,
nest,M2,b_1,-20,,,,
nest,M2,b_2,-20,,,,
nest,M2,kc_2,0,,,,
nest,M2,V_peak,40,,,,
nest,M2,GABAA_1_Tau_decay,8,,,,
nest,M2,GABAA_2_E_rev,-74,,,,
nest,M2,u_kc,0,,,,
nest,M2,beta_I_GABAA_1,0,,,,
nest,M2,I_e,0,,,,
nest,M2,beta_I_GABAA_3,-1.15384615384615,,,,
nest,M2,beta_d,0,,,,
nest,M2,kc_1,0,,,,
nest,M2,V_b,-80,,,,
nest,M2,u,0,,,,
nest,M2,beta_k,0,,,,
nest,M2,beta_V_b,0,,,,
nest,M2,E_L,-80,,,,
nest,M2,beta_I_AMPA_1,-0.26,,,,
,M2,V_m,-36.52,,,,
nest,M2,V_clamp,0,,,,
nest,M2,AMPA_1_Tau_decay,12,,,,
nest,M2,NMDA_1_Vact,-20,,,,
nest,M2,GABAA_3_E_rev,-74,,,,
nest,M2,beta_Ca,0.001,,,,
nest,M2,NMDA_1_Sact,16,,,,
nest,M2,p_2,1,,,,
nest,M2,p_1,1,,,,
nest,M2,a,0.01,,,,
nest,M2,c,-55,,,,
nest,M2,d,91,,,,
nest,M2,AMPA_1_E_rev,0,,,,
nest,M2,c_max,0,,,,
nest,M2,k,1,,,,
nest,M2,beta_E_L,0,,,,
nest,M2,beta_I_GABAA_2,0.882352941176471,,,,
nest,GI,C_m,39.5966704161979,,,,
nest,GI,V_th,-54.7388526434195,,,,
nest,GI,beta_I_NMDA_1,0,,,,
nest,GI,GABAA_1_E_rev,-65,,,,
nest,GI,NMDA_1_Tau_decay,100,,,,
nest,GI,GABAA_2_Tau_decay,5,,,,
nest,GI,NMDA_1_E_rev,0,,,,
nest,GI,V_peak,15,,,,
nest,GI,GABAA_1_Tau_decay,6,,,,
nest,GI,GABAA_2_E_rev,-65,,,,
nest,GI,beta_I_GABAA_1,-0.833333333333333,,,,
nest,GI,I_e,4.5,,,4.5,12
nest,GI,u,0,,,,
nest,GI,E_L,-55.1,,,,
nest,GI,beta_I_AMPA_1,-0.45,,,,
,GI,V_m,-63.74,,,,
nest,GI,AMPA_1_Tau_decay,12,,,,
nest,GI,NMDA_1_Vact,-20,,,,
nest,GI,beta_Ca,0.001,,,,
nest,GI,NMDA_1_Sact,16,,,,
nest,GI,AMPA_1_E_rev,0,,,,
nest,GI,beta_E_L,0.181,,,,
nest,GI,beta_I_GABAA_2,-0.83,,,,
nest,GI,V_reset_max_slope1,0,,,,
nest,GI,V_reset_max_slope2,0,,,,
nest,GI,a_2,2.5,,,,
nest,GI,a_1,2.5,,,,
nest,GI,AMPA_2_E_rev,0,,,,
nest,GI,V_reset,-60,,,,
nest,GI,AMPA_2_Tau_decay,5,,,,
nest,GI,V_reset_slope1,0,,,,
nest,GI,V_reset_slope2,0,,,,
nest,GI,g_L,1,,,,
nest,GI,V_a,-55.1,,,,
nest,GI,tau_w,20,,,,
nest,GI,beta_I_AMPA_2,0,,,,
nest,GI,Delta_T,1.7,,,,
nest,GI,gsl_error_tol,1E-06,,,,
nest,GI,t_ref,0,,,,
nest,GI,b,70,,,,
nest,GI,beta_V_a,0.181,,,,
nest,C1_M1_ampa,delay,2.5,,,,
nest,C1_M1_ampa,weight,0.5,,,,
nest,C1_M1_ampa,receptor_type,1,,,,
nest,C1_M1_ampa,template,static_synapse,,,,
nest,C1_M1_nmda,delay,2.5,,,,
nest,C1_M1_nmda,weight,0.11,,,,
nest,C1_M1_nmda,receptor_type,2,,,,
nest,C1_M1_nmda,template,static_synapse,,,,
nest,C2_M2_ampa,delay,2.5,,,,
nest,C2_M2_ampa,weight,0.41,,,,
nest,C2_M2_ampa,receptor_type,1,,,,
nest,C2_M2_ampa,template,static_synapse,,,,
nest,C2_M2_nmda,delay,2.5,,,,
nest,C2_M2_nmda,weight,0.019,,,,
nest,C2_M2_nmda,receptor_type,2,,,,
nest,C2_M2_nmda,template,static_synapse,,,,
nest,CF_FS_ampa,delay,2.5,,,,
nest,CF_FS_ampa,weight,0.25,,,,
nest,CF_FS_ampa,receptor_type,1,,,,
nest,CF_FS_ampa,template,static_synapse,,,,
nest,CS_ST_ampa,delay,2.5,,,,
nest,CS_ST_ampa,weight,0.25,,,,
nest,CS_ST_ampa,receptor_type,1,,,,
nest,CS_ST_ampa,template,static_synapse,,,,
nest,CS_ST_nmda,delay,2.5,,,,
nest,CS_ST_nmda,weight,0.00625,,,,
nest,CS_ST_nmda,receptor_type,2,,,,
nest,CS_ST_nmda,template,static_synapse,,,,
nest,EA_GA_ampa,delay,5,,,,
nest,EA_GA_ampa,weight,0.167,,,,
nest,EA_GA_ampa,receptor_type,5,,,,
nest,EA_GA_ampa,template,static_synapse,,,,
nest,EI_GI_ampa,delay,5,,,,
nest,EI_GI_ampa,weight,0.167,,,,
nest,EI_GI_ampa,receptor_type,5,,,,
nest,EI_GI_ampa,template,static_synapse,,,,
nest,ES_SN_ampa,delay,5,,,,
nest,ES_SN_ampa,weight,0.5,,,,
nest,ES_SN_ampa,receptor_type,5,,,,
nest,ES_SN_ampa,template,static_synapse,,,,
nest,FS_FS_gaba,delay,1.7,,,,
nest,FS_FS_gaba,weight,3.44827586206897,,,,
nest,FS_FS_gaba,receptor_type,3,,,,
nest,FS_FS_gaba,tau_psc,6,,,,
nest,FS_FS_gaba,tau_rec,902,,,,
nest,FS_FS_gaba,U,0.29,,,,
nest,FS_FS_gaba,tau_fac,53,,,,
nest,FS_FS_gaba,template,tsodyks_synapse,,,,
nest,FS_M1_gaba,delay,1.7,,,,
nest,FS_M1_gaba,weight,20.7,,,,
nest,FS_M1_gaba,receptor_type,3,,,,
nest,FS_M1_gaba,tau_psc,8,,,,
nest,FS_M1_gaba,tau_rec,902,,,,
nest,FS_M1_gaba,U,0.29,,,,
nest,FS_M1_gaba,tau_fac,53,,,,
nest,FS_M1_gaba,template,tsodyks_synapse,,,,
nest,FS_M2_gaba,delay,1.7,,,,
nest,FS_M2_gaba,weight,20.7,,,,
nest,FS_M2_gaba,receptor_type,3,,,,
nest,FS_M2_gaba,tau_psc,8,,,,
nest,FS_M2_gaba,tau_rec,902,,,,
nest,FS_M2_gaba,U,0.29,,,,
nest,FS_M2_gaba,tau_fac,53,,,,
nest,FS_M2_gaba,template,tsodyks_synapse,,,,
nest,GA_FS_gaba,delay,7,,,,
nest,GA_FS_gaba,weight,1.77638453500522,,,,
nest,GA_FS_gaba,receptor_type,4,,,,
nest,GA_FS_gaba,tau_psc,66,,,,
nest,GA_FS_gaba,tau_rec,902,,,,
nest,GA_FS_gaba,U,0.29,,,,
nest,GA_FS_gaba,tau_fac,53,,,,
nest,GA_FS_gaba,template,tsodyks_synapse,,,,
nest,GA_GA_gaba,delay,1,,,,
nest,GA_GA_gaba,weight,0.325,,,,
nest,GA_GA_gaba,receptor_type,4,,,,
nest,GA_GA_gaba,template,static_synapse,,,,
nest,GA_GI_gaba,delay,1,,,,
nest,GA_GI_gaba,weight,1.3,,,,
nest,GA_GI_gaba,receptor_type,4,,,,
nest,GA_GI_gaba,template,static_synapse,,,,
nest,GA_M1_gaba,delay,1.7,,,,
nest,GA_M1_gaba,weight,0.04,,,,
nest,GA_M1_gaba,receptor_type,5,,,,
nest,GA_M1_gaba,template,static_synapse,,,,
nest,GA_M2_gaba,delay,1.7,,,,
nest,GA_M2_gaba,weight,0.08,,,,
nest,GA_M2_gaba,receptor_type,5,,,,
nest,GA_M2_gaba,template,static_synapse,,,,
nest,GI_FS_gaba,delay,7,,,,
nest,GI_FS_gaba,weight,6.89655172413793,,,,
nest,GI_FS_gaba,receptor_type,5,,,,
nest,GI_FS_gaba,tau_psc,17,,,,
nest,GI_FS_gaba,tau_rec,902,,,,
nest,GI_FS_gaba,U,0.29,,,,
nest,GI_FS_gaba,tau_fac,53,,,,
nest,GI_FS_gaba,template,tsodyks_synapse,,,,
nest,GI_GA_gaba,delay,1,,,,
nest,GI_GA_gaba,weight,0.325,,,,
nest,GI_GA_gaba,receptor_type,4,,,,
nest,GI_GA_gaba,template,static_synapse,,,,
nest,GI_GI_gaba,delay,1,,,,
nest,GI_GI_gaba,weight,1.3,,,,
nest,GI_GI_gaba,receptor_type,4,,,,
nest,GI_GI_gaba,template,static_synapse,,,,
nest,GI_SN_gaba,delay,3,,,,
nest,GI_SN_gaba,weight,387.755102040816,,,,
nest,GI_SN_gaba,receptor_type,4,,,,
nest,GI_SN_gaba,tau_psc,2.1,,,,
nest,GI_SN_gaba,tau_rec,969,,,,
nest,GI_SN_gaba,U,0.196,,,,
nest,GI_SN_gaba,tau_fac,0,,,,
nest,GI_SN_gaba,template,tsodyks_synapse,,,,
nest,GI_ST_gaba,delay,1,,,,
nest,GI_ST_gaba,weight,0.08,,,,
nest,GI_ST_gaba,receptor_type,3,,,,
nest,GI_ST_gaba,template,static_synapse,,,,
nest,M1_M1_gaba,delay,1.7,,,,
nest,M1_M1_gaba,weight,0.15,,,,
nest,M1_M1_gaba,receptor_type,4,,,,
nest,M1_M1_gaba,template,static_synapse,,,,
nest,M1_M2_gaba,delay,1.7,,,,
nest,M1_M2_gaba,weight,0.375,,,,
nest,M1_M2_gaba,receptor_type,4,,,,
nest,M1_M2_gaba,template,static_synapse,,,,
nest,M1_SN_gaba,delay,7.3,,,,
nest,M1_SN_gaba,weight,104.166666666667,,,,
nest,M1_SN_gaba,receptor_type,3,,,,
nest,M1_SN_gaba,tau_psc,5.2,,,,
nest,M1_SN_gaba,tau_rec,559,,,,
nest,M1_SN_gaba,U,0.0192,,,,
nest,M1_SN_gaba,tau_fac,623,,,,
nest,M1_SN_gaba,template,tsodyks_synapse,,,,
nest,M2_GI_gaba,delay,7,,,,
nest,M2_GI_gaba,weight,8.33333333333333,,,,
nest,M2_GI_gaba,receptor_type,3,,,,
nest,M2_GI_gaba,tau_psc,6,,,,
nest,M2_GI_gaba,tau_rec,77,,,,
nest,M2_GI_gaba,U,0.24,,,,
nest,M2_GI_gaba,tau_fac,13,,,,
nest,M2_GI_gaba,template,tsodyks_synapse,,,,
nest,M2_M1_gaba,delay,1.7,,,,
nest,M2_M1_gaba,weight,0.45,,,,
nest,M2_M1_gaba,receptor_type,4,,,,
nest,M2_M1_gaba,template,static_synapse,,,,
nest,M2_M2_gaba,delay,1.7,,,,
nest,M2_M2_gaba,weight,0.35,,,,
nest,M2_M2_gaba,receptor_type,4,,,,
nest,M2_M2_gaba,template,static_synapse,,,,
nest,ST_GA_ampa,delay,2,,,,
nest,ST_GA_ampa,weight,0.105,,,,
nest,ST_GA_ampa,receptor_type,1,,,,
nest,ST_GA_ampa,template,static_synapse,,,,
nest,ST_GI_ampa,delay,2,,,,
nest,ST_GI_ampa,weight,0.35,,,,
nest,ST_GI_ampa,receptor_type,1,,,,
nest,ST_GI_ampa,template,static_synapse,,,,
nest,ST_SN_ampa,delay,4.6,,,,
nest,ST_SN_ampa,weight,9.88,,,,
nest,ST_SN_ampa,receptor_type,1,,,,
nest,ST_SN_ampa,tau_psc,12,,,,
nest,ST_SN_ampa,tau_rec,800,,,,
nest,ST_SN_ampa,U,0.35,,,,
nest,ST_SN_ampa,tau_fac,0,,,,
nest,ST_SN_ampa,template,tsodyks_synapse,,,,
